[{
    "model": "movies.genre",
    "pk": 12,
    "fields": {
        "name": "\ubaa8\ud5d8"
    }
}, {
    "model": "movies.genre",
    "pk": 14,
    "fields": {
        "name": "\ud310\ud0c0\uc9c0"
    }
}, {
    "model": "movies.genre",
    "pk": 16,
    "fields": {
        "name": "\uc560\ub2c8\uba54\uc774\uc158"
    }
}, {
    "model": "movies.genre",
    "pk": 18,
    "fields": {
        "name": "\ub4dc\ub77c\ub9c8"
    }
}, {
    "model": "movies.genre",
    "pk": 27,
    "fields": {
        "name": "\uacf5\ud3ec"
    }
}, {
    "model": "movies.genre",
    "pk": 28,
    "fields": {
        "name": "\uc561\uc158"
    }
}, {
    "model": "movies.genre",
    "pk": 35,
    "fields": {
        "name": "\ucf54\ubbf8\ub514"
    }
}, {
    "model": "movies.genre",
    "pk": 36,
    "fields": {
        "name": "\uc5ed\uc0ac"
    }
}, {
    "model": "movies.genre",
    "pk": 37,
    "fields": {
        "name": "\uc11c\ubd80"
    }
}, {
    "model": "movies.genre",
    "pk": 53,
    "fields": {
        "name": "\uc2a4\ub9b4\ub7ec"
    }
}, {
    "model": "movies.genre",
    "pk": 80,
    "fields": {
        "name": "\ubc94\uc8c4"
    }
}, {
    "model": "movies.genre",
    "pk": 99,
    "fields": {
        "name": "\ub2e4\ud050\uba58\ud130\ub9ac"
    }
}, {
    "model": "movies.genre",
    "pk": 878,
    "fields": {
        "name": "SF"
    }
}, {
    "model": "movies.genre",
    "pk": 9648,
    "fields": {
        "name": "\ubbf8\uc2a4\ud130\ub9ac"
    }
}, {
    "model": "movies.genre",
    "pk": 10402,
    "fields": {
        "name": "\uc74c\uc545"
    }
}, {
    "model": "movies.genre",
    "pk": 10749,
    "fields": {
        "name": "\ub85c\ub9e8\uc2a4"
    }
}, {
    "model": "movies.genre",
    "pk": 10751,
    "fields": {
        "name": "\uac00\uc871"
    }
}, {
    "model": "movies.genre",
    "pk": 10752,
    "fields": {
        "name": "\uc804\uc7c1"
    }
}, {
    "model": "movies.genre",
    "pk": 10770,
    "fields": {
        "name": "TV \uc601\ud654"
    }
}]